<?xml version="1.0" encoding="UTF-8"?>
<metadata xml:lang="en"><Esri><CreaDate>20180130</CreaDate><CreaTime>16115400</CreaTime><ArcGISFormat>1.0</ArcGISFormat><SyncOnce>FALSE</SyncOnce><DataProperties><itemProps><itemLocation><linkage Sync="TRUE">file://\\kcfsn02\RDD\SARS\SARS-N-Drive\USERS\Lee\Census2017\BoundaryFiles2017\CensusBureau\County_2017\CO_US_AEA17_20m\counties_2017_20m_ag_dslv_mod_clip_aea.shp</linkage><protocol Sync="TRUE">Local Area Network</protocol></itemLocation><itemName Sync="TRUE">counties_2017_20m_ag_dslv_mod_clip_aea</itemName><imsContentType Sync="TRUE">002</imsContentType><itemSize Sync="TRUE">0.000</itemSize></itemProps><copyHistory><copy source="N:\USERS\Lee\Census2017\BoundaryFiles2017\CensusBureau\County_2017\CO_US_AEA17_20m\counties_2017_20m_ag_dslv" dest="\\kcfsn02\RDD\SARS\SARS-N-Drive\USERS\Lee\Census2017\BoundaryFiles2017\CensusBureau\County_2017\CO_US_AEA17_20m\counties_2017_20m_ag_dslv_mod" date="20180119" time="09552000"></copy></copyHistory><lineage><Process ToolSource="c:\program files (x86)\arcgis\desktop10.3\ArcToolbox\Toolboxes\Data Management Tools.tbx\Copy" Date="20180118" Time="125912">Copy N:\USERS\Lee\Census2017\BoundaryFiles2017\CensusBureau\County_2017\CO_US_AEA17_20m\CO_US_WGS84WMAS_2017_20m.shp N:\USERS\Lee\Census2017\BoundaryFiles2017\CensusBureau\County_2017\CO_US_AEA17_20m\counties_2017_20m_ag.shp ShapeFile</Process><Process ToolSource="c:\program files (x86)\arcgis\desktop10.3\ArcToolbox\Toolboxes\Data Management Tools.tbx\DeleteField" Date="20180118" Time="125919">DeleteField N:\USERS\Lee\Census2017\BoundaryFiles2017\CensusBureau\County_2017\CO_US_AEA17_20m\counties_2017_20m_ag.shp Geocode;CoArea;Agcode</Process><Process ToolSource="c:\program files (x86)\arcgis\desktop10.3\ArcToolbox\Toolboxes\Data Management Tools.tbx\AddField" Date="20180118" Time="125921">AddField N:\USERS\Lee\Census2017\BoundaryFiles2017\CensusBureau\County_2017\CO_US_AEA17_20m\counties_2017_20m_ag.shp Geocode TEXT # # 5 # NON_NULLABLE NON_REQUIRED #</Process><Process ToolSource="c:\program files (x86)\arcgis\desktop10.3\ArcToolbox\Toolboxes\Data Management Tools.tbx\AddField" Date="20180118" Time="125921">AddField N:\USERS\Lee\Census2017\BoundaryFiles2017\CensusBureau\County_2017\CO_US_AEA17_20m\counties_2017_20m_ag.shp CoArea DOUBLE 19 5 # # NON_NULLABLE NON_REQUIRED #</Process><Process ToolSource="c:\program files (x86)\arcgis\desktop10.3\ArcToolbox\Toolboxes\Data Management Tools.tbx\AddField" Date="20180118" Time="125921">AddField N:\USERS\Lee\Census2017\BoundaryFiles2017\CensusBureau\County_2017\CO_US_AEA17_20m\counties_2017_20m_ag.shp Agcode TEXT # # 5 # NON_NULLABLE NON_REQUIRED #</Process><Process ToolSource="c:\program files (x86)\arcgis\desktop10.3\ArcToolbox\Toolboxes\Data Management Tools.tbx\CalculateField" Date="20180118" Time="125921">CalculateField N:\USERS\Lee\Census2017\BoundaryFiles2017\CensusBureau\County_2017\CO_US_AEA17_20m\counties_2017_20m_ag.shp Agcode '' PYTHON #</Process><Process ToolSource="c:\program files (x86)\arcgis\desktop10.3\ArcToolbox\Toolboxes\Data Management Tools.tbx\CalculateField" Date="20180118" Time="130007">CalculateField counties_2017_20m_500k_ag_View Agcode "02013" PYTHON #</Process><Process ToolSource="c:\program files (x86)\arcgis\desktop10.3\ArcToolbox\Toolboxes\Data Management Tools.tbx\CalculateField" Date="20180118" Time="130007">CalculateField counties_2017_20m_500k_ag_View Agcode "02020" PYTHON #</Process><Process ToolSource="c:\program files (x86)\arcgis\desktop10.3\ArcToolbox\Toolboxes\Data Management Tools.tbx\CalculateField" Date="20180118" Time="130008">CalculateField counties_2017_20m_500k_ag_View Agcode "02090" PYTHON #</Process><Process ToolSource="c:\program files (x86)\arcgis\desktop10.3\ArcToolbox\Toolboxes\Data Management Tools.tbx\CalculateField" Date="20180118" Time="130008">CalculateField counties_2017_20m_500k_ag_View Agcode "02110" PYTHON #</Process><Process ToolSource="c:\program files (x86)\arcgis\desktop10.3\ArcToolbox\Toolboxes\Data Management Tools.tbx\CalculateField" Date="20180118" Time="130008">CalculateField counties_2017_20m_500k_ag_View Agcode "15009" PYTHON #</Process><Process ToolSource="c:\program files (x86)\arcgis\desktop10.3\ArcToolbox\Toolboxes\Data Management Tools.tbx\CalculateField" Date="20180118" Time="130008">CalculateField counties_2017_20m_500k_ag_View Agcode "24005" PYTHON #</Process><Process ToolSource="c:\program files (x86)\arcgis\desktop10.3\ArcToolbox\Toolboxes\Data Management Tools.tbx\CalculateField" Date="20180118" Time="130008">CalculateField counties_2017_20m_500k_ag_View Agcode "24033" PYTHON #</Process><Process ToolSource="c:\program files (x86)\arcgis\desktop10.3\ArcToolbox\Toolboxes\Data Management Tools.tbx\CalculateField" Date="20180118" Time="130008">CalculateField counties_2017_20m_500k_ag_View Agcode "29189" PYTHON #</Process><Process ToolSource="c:\program files (x86)\arcgis\desktop10.3\ArcToolbox\Toolboxes\Data Management Tools.tbx\CalculateField" Date="20180118" Time="130008">CalculateField counties_2017_20m_500k_ag_View Agcode "51003" PYTHON #</Process><Process ToolSource="c:\program files (x86)\arcgis\desktop10.3\ArcToolbox\Toolboxes\Data Management Tools.tbx\CalculateField" Date="20180118" Time="130009">CalculateField counties_2017_20m_500k_ag_View Agcode "51005" PYTHON #</Process><Process ToolSource="c:\program files (x86)\arcgis\desktop10.3\ArcToolbox\Toolboxes\Data Management Tools.tbx\CalculateField" Date="20180118" Time="130009">CalculateField counties_2017_20m_500k_ag_View Agcode "51015" PYTHON #</Process><Process ToolSource="c:\program files (x86)\arcgis\desktop10.3\ArcToolbox\Toolboxes\Data Management Tools.tbx\CalculateField" Date="20180118" Time="130009">CalculateField counties_2017_20m_500k_ag_View Agcode "51031" PYTHON #</Process><Process ToolSource="c:\program files (x86)\arcgis\desktop10.3\ArcToolbox\Toolboxes\Data Management Tools.tbx\CalculateField" Date="20180118" Time="130009">CalculateField counties_2017_20m_500k_ag_View Agcode "51041" PYTHON #</Process><Process ToolSource="c:\program files (x86)\arcgis\desktop10.3\ArcToolbox\Toolboxes\Data Management Tools.tbx\CalculateField" Date="20180118" Time="130009">CalculateField counties_2017_20m_500k_ag_View Agcode "51059" PYTHON #</Process><Process ToolSource="c:\program files (x86)\arcgis\desktop10.3\ArcToolbox\Toolboxes\Data Management Tools.tbx\CalculateField" Date="20180118" Time="130009">CalculateField counties_2017_20m_500k_ag_View Agcode "51069" PYTHON #</Process><Process ToolSource="c:\program files (x86)\arcgis\desktop10.3\ArcToolbox\Toolboxes\Data Management Tools.tbx\CalculateField" Date="20180118" Time="130009">CalculateField counties_2017_20m_500k_ag_View Agcode "51077" PYTHON #</Process><Process ToolSource="c:\program files (x86)\arcgis\desktop10.3\ArcToolbox\Toolboxes\Data Management Tools.tbx\CalculateField" Date="20180118" Time="130009">CalculateField counties_2017_20m_500k_ag_View Agcode "51081" PYTHON #</Process><Process ToolSource="c:\program files (x86)\arcgis\desktop10.3\ArcToolbox\Toolboxes\Data Management Tools.tbx\CalculateField" Date="20180118" Time="130009">CalculateField counties_2017_20m_500k_ag_View Agcode "51087" PYTHON #</Process><Process ToolSource="c:\program files (x86)\arcgis\desktop10.3\ArcToolbox\Toolboxes\Data Management Tools.tbx\CalculateField" Date="20180118" Time="130010">CalculateField counties_2017_20m_500k_ag_View Agcode "51089" PYTHON #</Process><Process ToolSource="c:\program files (x86)\arcgis\desktop10.3\ArcToolbox\Toolboxes\Data Management Tools.tbx\CalculateField" Date="20180118" Time="130010">CalculateField counties_2017_20m_500k_ag_View Agcode "51095" PYTHON #</Process><Process ToolSource="c:\program files (x86)\arcgis\desktop10.3\ArcToolbox\Toolboxes\Data Management Tools.tbx\CalculateField" Date="20180118" Time="130010">CalculateField counties_2017_20m_500k_ag_View Agcode "51121" PYTHON #</Process><Process ToolSource="c:\program files (x86)\arcgis\desktop10.3\ArcToolbox\Toolboxes\Data Management Tools.tbx\CalculateField" Date="20180118" Time="130010">CalculateField counties_2017_20m_500k_ag_View Agcode "51143" PYTHON #</Process><Process ToolSource="c:\program files (x86)\arcgis\desktop10.3\ArcToolbox\Toolboxes\Data Management Tools.tbx\CalculateField" Date="20180118" Time="130010">CalculateField counties_2017_20m_500k_ag_View Agcode "51149" PYTHON #</Process><Process ToolSource="c:\program files (x86)\arcgis\desktop10.3\ArcToolbox\Toolboxes\Data Management Tools.tbx\CalculateField" Date="20180118" Time="130010">CalculateField counties_2017_20m_500k_ag_View Agcode "51153" PYTHON #</Process><Process ToolSource="c:\program files (x86)\arcgis\desktop10.3\ArcToolbox\Toolboxes\Data Management Tools.tbx\CalculateField" Date="20180118" Time="130010">CalculateField counties_2017_20m_500k_ag_View Agcode "51161" PYTHON #</Process><Process ToolSource="c:\program files (x86)\arcgis\desktop10.3\ArcToolbox\Toolboxes\Data Management Tools.tbx\CalculateField" Date="20180118" Time="130011">CalculateField counties_2017_20m_500k_ag_View Agcode "51163" PYTHON #</Process><Process ToolSource="c:\program files (x86)\arcgis\desktop10.3\ArcToolbox\Toolboxes\Data Management Tools.tbx\CalculateField" Date="20180118" Time="130011">CalculateField counties_2017_20m_500k_ag_View Agcode "51165" PYTHON #</Process><Process ToolSource="c:\program files (x86)\arcgis\desktop10.3\ArcToolbox\Toolboxes\Data Management Tools.tbx\CalculateField" Date="20180118" Time="130011">CalculateField counties_2017_20m_500k_ag_View Agcode "51175" PYTHON #</Process><Process ToolSource="c:\program files (x86)\arcgis\desktop10.3\ArcToolbox\Toolboxes\Data Management Tools.tbx\CalculateField" Date="20180118" Time="130011">CalculateField counties_2017_20m_500k_ag_View Agcode "51177" PYTHON #</Process><Process ToolSource="c:\program files (x86)\arcgis\desktop10.3\ArcToolbox\Toolboxes\Data Management Tools.tbx\CalculateField" Date="20180118" Time="130011">CalculateField counties_2017_20m_500k_ag_View Agcode "51191" PYTHON #</Process><Process ToolSource="c:\program files (x86)\arcgis\desktop10.3\ArcToolbox\Toolboxes\Data Management Tools.tbx\CalculateField" Date="20180118" Time="130011">CalculateField counties_2017_20m_500k_ag_View Agcode "51195" PYTHON #</Process><Process ToolSource="c:\program files (x86)\arcgis\desktop10.3\ArcToolbox\Toolboxes\Data Management Tools.tbx\CalculateField" Date="20180118" Time="130011">CalculateField counties_2017_20m_500k_ag_View Agcode "51199" PYTHON #</Process><Process ToolSource="c:\program files (x86)\arcgis\desktop10.3\ArcToolbox\Toolboxes\Data Management Tools.tbx\CalculateField" Date="20180118" Time="130011">CalculateField counties_2017_20m_500k_ag_View Agcode "51550" PYTHON #</Process><Process ToolSource="c:\program files (x86)\arcgis\desktop10.3\ArcToolbox\Toolboxes\Data Management Tools.tbx\CalculateField" Date="20180118" Time="130012">CalculateField counties_2017_20m_500k_ag_View Agcode "51810" PYTHON #</Process><Process ToolSource="c:\program files (x86)\arcgis\desktop10.3\ArcToolbox\Toolboxes\Data Management Tools.tbx\CalculateField" Date="20180118" Time="130012">CalculateField counties_2017_20m_500k_ag_View Geocode !Agcode! PYTHON #</Process><Process ToolSource="c:\program files (x86)\arcgis\desktop10.3\ArcToolbox\Toolboxes\Data Management Tools.tbx\Dissolve" Date="20180118" Time="130028">Dissolve N:\USERS\Lee\Census2017\BoundaryFiles2017\CensusBureau\County_2017\CO_US_AEA17_20m\counties_2017_20m_ag.shp N:\USERS\Lee\Census2017\BoundaryFiles2017\CensusBureau\County_2017\CO_US_AEA17_20m\counties_2017_20m_ag_dslv.shp Geocode "CoArea SUM" MULTI_PART DISSOLVE_LINES</Process><Process ToolSource="c:\program files (x86)\arcgis\desktop10.3\ArcToolbox\Toolboxes\Data Management Tools.tbx\Copy" Date="20180119" Time="095520">Copy N:\USERS\Lee\Census2017\BoundaryFiles2017\CensusBureau\County_2017\CO_US_AEA17_20m\counties_2017_20m_ag_dslv.shp N:\USERS\Lee\Census2017\BoundaryFiles2017\CensusBureau\County_2017\CO_US_AEA17_20m\counties_2017_20m_ag_dslv_mod.shp ShapeFile</Process><Process ToolSource="c:\program files (x86)\arcgis\desktop10.3\ArcToolbox\Toolboxes\Data Management Tools.tbx\DeleteField" Date="20180119" Time="095520">DeleteField N:\USERS\Lee\Census2017\BoundaryFiles2017\CensusBureau\County_2017\CO_US_AEA17_20m\counties_2017_20m_ag_dslv_mod.shp atlas_stco;atlas_name;atlas_caps;atlas_area;atlas_acre;entity;cntya;cntyn</Process><Process ToolSource="c:\program files (x86)\arcgis\desktop10.3\ArcToolbox\Toolboxes\Data Management Tools.tbx\AddField" Date="20180119" Time="095522">AddField N:\USERS\Lee\Census2017\BoundaryFiles2017\CensusBureau\County_2017\CO_US_AEA17_20m\counties_2017_20m_ag_dslv_mod.shp atlas_stco TEXT # # 5 # NON_NULLABLE NON_REQUIRED #</Process><Process ToolSource="c:\program files (x86)\arcgis\desktop10.3\ArcToolbox\Toolboxes\Data Management Tools.tbx\CalculateField" Date="20180119" Time="095522">CalculateField N:\USERS\Lee\Census2017\BoundaryFiles2017\CensusBureau\County_2017\CO_US_AEA17_20m\counties_2017_20m_ag_dslv_mod.shp atlas_stco !Geocode!.strip() PYTHON #</Process><Process ToolSource="c:\program files (x86)\arcgis\desktop10.3\ArcToolbox\Toolboxes\Data Management Tools.tbx\AddField" Date="20180119" Time="095522">AddField N:\USERS\Lee\Census2017\BoundaryFiles2017\CensusBureau\County_2017\CO_US_AEA17_20m\counties_2017_20m_ag_dslv_mod.shp atlas_name TEXT # # 21 # NON_NULLABLE NON_REQUIRED #</Process><Process ToolSource="c:\program files (x86)\arcgis\desktop10.3\ArcToolbox\Toolboxes\Data Management Tools.tbx\AddField" Date="20180119" Time="095523">AddField N:\USERS\Lee\Census2017\BoundaryFiles2017\CensusBureau\County_2017\CO_US_AEA17_20m\counties_2017_20m_ag_dslv_mod.shp atlas_caps TEXT # # 21 # NON_NULLABLE NON_REQUIRED #</Process><Process ToolSource="c:\program files (x86)\arcgis\desktop10.3\ArcToolbox\Toolboxes\Data Management Tools.tbx\AddField" Date="20180119" Time="095523">AddField N:\USERS\Lee\Census2017\BoundaryFiles2017\CensusBureau\County_2017\CO_US_AEA17_20m\counties_2017_20m_ag_dslv_mod.shp atlas_area DOUBLE 19 5 # # NON_NULLABLE NON_REQUIRED #</Process><Process ToolSource="c:\program files (x86)\arcgis\desktop10.3\ArcToolbox\Toolboxes\Data Management Tools.tbx\CalculateField" Date="20180119" Time="095524">CalculateField N:\USERS\Lee\Census2017\BoundaryFiles2017\CensusBureau\County_2017\CO_US_AEA17_20m\counties_2017_20m_ag_dslv_mod.shp atlas_area !SUM_CoArea! PYTHON #</Process><Process ToolSource="c:\program files (x86)\arcgis\desktop10.3\ArcToolbox\Toolboxes\Data Management Tools.tbx\AddField" Date="20180119" Time="095524">AddField N:\USERS\Lee\Census2017\BoundaryFiles2017\CensusBureau\County_2017\CO_US_AEA17_20m\counties_2017_20m_ag_dslv_mod.shp atlas_acre DOUBLE 19 5 # # NON_NULLABLE NON_REQUIRED #</Process><Process ToolSource="c:\program files (x86)\arcgis\desktop10.3\ArcToolbox\Toolboxes\Data Management Tools.tbx\CalculateField" Date="20180119" Time="095525">CalculateField N:\USERS\Lee\Census2017\BoundaryFiles2017\CensusBureau\County_2017\CO_US_AEA17_20m\counties_2017_20m_ag_dslv_mod.shp atlas_acre "!SUM_CoArea! * 640.0" PYTHON #</Process><Process ToolSource="c:\program files (x86)\arcgis\desktop10.3\ArcToolbox\Toolboxes\Data Management Tools.tbx\AddField" Date="20180119" Time="095525">AddField N:\USERS\Lee\Census2017\BoundaryFiles2017\CensusBureau\County_2017\CO_US_AEA17_20m\counties_2017_20m_ag_dslv_mod.shp entity TEXT # # 26 # NON_NULLABLE NON_REQUIRED #</Process><Process ToolSource="c:\program files (x86)\arcgis\desktop10.3\ArcToolbox\Toolboxes\Data Management Tools.tbx\AddField" Date="20180119" Time="095525">AddField N:\USERS\Lee\Census2017\BoundaryFiles2017\CensusBureau\County_2017\CO_US_AEA17_20m\counties_2017_20m_ag_dslv_mod.shp cntya TEXT # # 3 # NON_NULLABLE NON_REQUIRED #</Process><Process ToolSource="c:\program files (x86)\arcgis\desktop10.3\ArcToolbox\Toolboxes\Data Management Tools.tbx\AddField" Date="20180119" Time="095525">AddField N:\USERS\Lee\Census2017\BoundaryFiles2017\CensusBureau\County_2017\CO_US_AEA17_20m\counties_2017_20m_ag_dslv_mod.shp cntyn SHORT 3 # # # NON_NULLABLE NON_REQUIRED #</Process><Process ToolSource="c:\program files (x86)\arcgis\desktop10.3\ArcToolbox\Toolboxes\Data Management Tools.tbx\DeleteField" Date="20180119" Time="095742">DeleteField counties_2017_20m_ag_dslv_mod_View Geocode;SUM_CoArea</Process><Process ToolSource="c:\program files (x86)\arcgis\desktop10.3\ArcToolbox\Toolboxes\Data Management Tools.tbx\CalculateField" Date="20180119" Time="095742">CalculateField counties_2017_20m_ag_dslv_mod_View atlas_stco "02010" PYTHON #</Process><Process ToolSource="c:\program files (x86)\arcgis\desktop10.3\ArcToolbox\Toolboxes\Data Management Tools.tbx\CalculateField" Date="20180119" Time="095742">CalculateField counties_2017_20m_ag_dslv_mod_View atlas_name "Aleutian Islands Area" PYTHON #</Process><Process ToolSource="c:\program files (x86)\arcgis\desktop10.3\ArcToolbox\Toolboxes\Data Management Tools.tbx\CalculateField" Date="20180119" Time="095742">CalculateField counties_2017_20m_ag_dslv_mod_View atlas_caps "ALEUTIAN ISLANDS AREA" PYTHON #</Process><Process ToolSource="c:\program files (x86)\arcgis\desktop10.3\ArcToolbox\Toolboxes\Data Management Tools.tbx\CalculateField" Date="20180119" Time="095742">CalculateField counties_2017_20m_ag_dslv_mod_View entity "Agricultural Census Area" PYTHON #</Process><Process ToolSource="c:\program files (x86)\arcgis\desktop10.3\ArcToolbox\Toolboxes\Data Management Tools.tbx\CalculateField" Date="20180119" Time="095742">CalculateField counties_2017_20m_ag_dslv_mod_View cntya "010" PYTHON #</Process><Process ToolSource="c:\program files (x86)\arcgis\desktop10.3\ArcToolbox\Toolboxes\Data Management Tools.tbx\CalculateField" Date="20180119" Time="095742">CalculateField counties_2017_20m_ag_dslv_mod_View cntyn int(!cntya!) PYTHON #</Process><Process ToolSource="c:\program files (x86)\arcgis\desktop10.3\ArcToolbox\Toolboxes\Data Management Tools.tbx\CalculateField" Date="20180119" Time="095742">CalculateField counties_2017_20m_ag_dslv_mod_View atlas_name "Anchorage Area" PYTHON #</Process><Process ToolSource="c:\program files (x86)\arcgis\desktop10.3\ArcToolbox\Toolboxes\Data Management Tools.tbx\CalculateField" Date="20180119" Time="095742">CalculateField counties_2017_20m_ag_dslv_mod_View atlas_caps "ANCHORAGE AREA" PYTHON #</Process><Process ToolSource="c:\program files (x86)\arcgis\desktop10.3\ArcToolbox\Toolboxes\Data Management Tools.tbx\CalculateField" Date="20180119" Time="095742">CalculateField counties_2017_20m_ag_dslv_mod_View entity "Agricultural Census Area" PYTHON #</Process><Process ToolSource="c:\program files (x86)\arcgis\desktop10.3\ArcToolbox\Toolboxes\Data Management Tools.tbx\CalculateField" Date="20180119" Time="095742">CalculateField counties_2017_20m_ag_dslv_mod_View cntya "020" PYTHON #</Process><Process ToolSource="c:\program files (x86)\arcgis\desktop10.3\ArcToolbox\Toolboxes\Data Management Tools.tbx\CalculateField" Date="20180119" Time="095743">CalculateField counties_2017_20m_ag_dslv_mod_View cntyn int(!cntya!) PYTHON #</Process><Process ToolSource="c:\program files (x86)\arcgis\desktop10.3\ArcToolbox\Toolboxes\Data Management Tools.tbx\CalculateField" Date="20180119" Time="095743">CalculateField counties_2017_20m_ag_dslv_mod_View atlas_name "Fairbanks Area" PYTHON #</Process><Process ToolSource="c:\program files (x86)\arcgis\desktop10.3\ArcToolbox\Toolboxes\Data Management Tools.tbx\CalculateField" Date="20180119" Time="095743">CalculateField counties_2017_20m_ag_dslv_mod_View atlas_caps "FAIRBANKS AREA" PYTHON #</Process><Process ToolSource="c:\program files (x86)\arcgis\desktop10.3\ArcToolbox\Toolboxes\Data Management Tools.tbx\CalculateField" Date="20180119" Time="095743">CalculateField counties_2017_20m_ag_dslv_mod_View entity "Agricultural Census Area" PYTHON #</Process><Process ToolSource="c:\program files (x86)\arcgis\desktop10.3\ArcToolbox\Toolboxes\Data Management Tools.tbx\CalculateField" Date="20180119" Time="095743">CalculateField counties_2017_20m_ag_dslv_mod_View cntya "090" PYTHON #</Process><Process ToolSource="c:\program files (x86)\arcgis\desktop10.3\ArcToolbox\Toolboxes\Data Management Tools.tbx\CalculateField" Date="20180119" Time="095743">CalculateField counties_2017_20m_ag_dslv_mod_View cntyn int(!cntya!) PYTHON #</Process><Process ToolSource="c:\program files (x86)\arcgis\desktop10.3\ArcToolbox\Toolboxes\Data Management Tools.tbx\CalculateField" Date="20180119" Time="095743">CalculateField counties_2017_20m_ag_dslv_mod_View atlas_name "Juneau Area" PYTHON #</Process><Process ToolSource="c:\program files (x86)\arcgis\desktop10.3\ArcToolbox\Toolboxes\Data Management Tools.tbx\CalculateField" Date="20180119" Time="095743">CalculateField counties_2017_20m_ag_dslv_mod_View atlas_caps "JUNEAU AREA" PYTHON #</Process><Process ToolSource="c:\program files (x86)\arcgis\desktop10.3\ArcToolbox\Toolboxes\Data Management Tools.tbx\CalculateField" Date="20180119" Time="095743">CalculateField counties_2017_20m_ag_dslv_mod_View entity "Agricultural Census Area" PYTHON #</Process><Process ToolSource="c:\program files (x86)\arcgis\desktop10.3\ArcToolbox\Toolboxes\Data Management Tools.tbx\CalculateField" Date="20180119" Time="095743">CalculateField counties_2017_20m_ag_dslv_mod_View cntya "110" PYTHON #</Process><Process ToolSource="c:\program files (x86)\arcgis\desktop10.3\ArcToolbox\Toolboxes\Data Management Tools.tbx\CalculateField" Date="20180119" Time="095743">CalculateField counties_2017_20m_ag_dslv_mod_View cntyn int(!cntya!) PYTHON #</Process><Process ToolSource="c:\program files (x86)\arcgis\desktop10.3\ArcToolbox\Toolboxes\Data Management Tools.tbx\CalculateField" Date="20180119" Time="095744">CalculateField counties_2017_20m_ag_dslv_mod_View atlas_name "Kenai Peninsula Area" PYTHON #</Process><Process ToolSource="c:\program files (x86)\arcgis\desktop10.3\ArcToolbox\Toolboxes\Data Management Tools.tbx\CalculateField" Date="20180119" Time="095744">CalculateField counties_2017_20m_ag_dslv_mod_View atlas_caps "KENAI PENINSULA AREA" PYTHON #</Process><Process ToolSource="c:\program files (x86)\arcgis\desktop10.3\ArcToolbox\Toolboxes\Data Management Tools.tbx\CalculateField" Date="20180119" Time="095744">CalculateField counties_2017_20m_ag_dslv_mod_View entity "Agricultural Census Area" PYTHON #</Process><Process ToolSource="c:\program files (x86)\arcgis\desktop10.3\ArcToolbox\Toolboxes\Data Management Tools.tbx\CalculateField" Date="20180119" Time="095744">CalculateField counties_2017_20m_ag_dslv_mod_View cntya "122" PYTHON #</Process><Process ToolSource="c:\program files (x86)\arcgis\desktop10.3\ArcToolbox\Toolboxes\Data Management Tools.tbx\CalculateField" Date="20180119" Time="095744">CalculateField counties_2017_20m_ag_dslv_mod_View cntyn int(!cntya!) PYTHON #</Process><Process ToolSource="c:\program files (x86)\arcgis\desktop10.3\ArcToolbox\Toolboxes\Data Management Tools.tbx\CalculateField" Date="20180119" Time="095744">CalculateField counties_2017_20m_ag_dslv_mod_View atlas_name "Maui" PYTHON #</Process><Process ToolSource="c:\program files (x86)\arcgis\desktop10.3\ArcToolbox\Toolboxes\Data Management Tools.tbx\CalculateField" Date="20180119" Time="095744">CalculateField counties_2017_20m_ag_dslv_mod_View atlas_caps "MAUI" PYTHON #</Process><Process ToolSource="c:\program files (x86)\arcgis\desktop10.3\ArcToolbox\Toolboxes\Data Management Tools.tbx\CalculateField" Date="20180119" Time="095744">CalculateField counties_2017_20m_ag_dslv_mod_View entity "County" PYTHON #</Process><Process ToolSource="c:\program files (x86)\arcgis\desktop10.3\ArcToolbox\Toolboxes\Data Management Tools.tbx\CalculateField" Date="20180119" Time="095744">CalculateField counties_2017_20m_ag_dslv_mod_View cntya "009" PYTHON #</Process><Process ToolSource="c:\program files (x86)\arcgis\desktop10.3\ArcToolbox\Toolboxes\Data Management Tools.tbx\CalculateField" Date="20180119" Time="095744">CalculateField counties_2017_20m_ag_dslv_mod_View cntyn int(!cntya!) PYTHON #</Process><Process ToolSource="c:\program files (x86)\arcgis\desktop10.3\ArcToolbox\Toolboxes\Data Management Tools.tbx\CalculateField" Date="20180119" Time="095745">CalculateField counties_2017_20m_ag_dslv_mod_View atlas_name ""Prince George's"" PYTHON #</Process><Process ToolSource="c:\program files (x86)\arcgis\desktop10.3\ArcToolbox\Toolboxes\Data Management Tools.tbx\CalculateField" Date="20180119" Time="095745">CalculateField counties_2017_20m_ag_dslv_mod_View atlas_caps ""PRINCE GEORGE'S"" PYTHON #</Process><Process ToolSource="c:\program files (x86)\arcgis\desktop10.3\ArcToolbox\Toolboxes\Data Management Tools.tbx\CalculateField" Date="20180119" Time="095745">CalculateField counties_2017_20m_ag_dslv_mod_View entity "County" PYTHON #</Process><Process ToolSource="c:\program files (x86)\arcgis\desktop10.3\ArcToolbox\Toolboxes\Data Management Tools.tbx\CalculateField" Date="20180119" Time="095745">CalculateField counties_2017_20m_ag_dslv_mod_View cntya "033" PYTHON #</Process><Process ToolSource="c:\program files (x86)\arcgis\desktop10.3\ArcToolbox\Toolboxes\Data Management Tools.tbx\CalculateField" Date="20180119" Time="095745">CalculateField counties_2017_20m_ag_dslv_mod_View cntyn int(!cntya!) PYTHON #</Process><Process ToolSource="c:\program files (x86)\arcgis\desktop10.3\ArcToolbox\Toolboxes\Data Management Tools.tbx\CalculateField" Date="20180119" Time="095745">CalculateField counties_2017_20m_ag_dslv_mod_View entity "Municipio" PYTHON #</Process><Process ToolSource="c:\program files (x86)\arcgis\desktop10.3\ArcToolbox\Toolboxes\Data Management Tools.tbx\CalculateField" Date="20180119" Time="095745">CalculateField counties_2017_20m_ag_dslv_mod_View atlas_name "Albemarle" PYTHON #</Process><Process ToolSource="c:\program files (x86)\arcgis\desktop10.3\ArcToolbox\Toolboxes\Data Management Tools.tbx\CalculateField" Date="20180119" Time="095745">CalculateField counties_2017_20m_ag_dslv_mod_View atlas_caps "ALBEMARLE" PYTHON #</Process><Process ToolSource="c:\program files (x86)\arcgis\desktop10.3\ArcToolbox\Toolboxes\Data Management Tools.tbx\CalculateField" Date="20180119" Time="095745">CalculateField counties_2017_20m_ag_dslv_mod_View cntya "003" PYTHON #</Process><Process ToolSource="c:\program files (x86)\arcgis\desktop10.3\ArcToolbox\Toolboxes\Data Management Tools.tbx\CalculateField" Date="20180119" Time="095745">CalculateField counties_2017_20m_ag_dslv_mod_View cntyn int(!cntya!) PYTHON #</Process><Process ToolSource="c:\program files (x86)\arcgis\desktop10.3\ArcToolbox\Toolboxes\Data Management Tools.tbx\CalculateField" Date="20180119" Time="095746">CalculateField counties_2017_20m_ag_dslv_mod_View atlas_name "Alleghany" PYTHON #</Process><Process ToolSource="c:\program files (x86)\arcgis\desktop10.3\ArcToolbox\Toolboxes\Data Management Tools.tbx\CalculateField" Date="20180119" Time="095746">CalculateField counties_2017_20m_ag_dslv_mod_View atlas_caps "ALLEGHANY" PYTHON #</Process><Process ToolSource="c:\program files (x86)\arcgis\desktop10.3\ArcToolbox\Toolboxes\Data Management Tools.tbx\CalculateField" Date="20180119" Time="095746">CalculateField counties_2017_20m_ag_dslv_mod_View cntya "005" PYTHON #</Process><Process ToolSource="c:\program files (x86)\arcgis\desktop10.3\ArcToolbox\Toolboxes\Data Management Tools.tbx\CalculateField" Date="20180119" Time="095746">CalculateField counties_2017_20m_ag_dslv_mod_View cntyn int(!cntya!) PYTHON #</Process><Process ToolSource="c:\program files (x86)\arcgis\desktop10.3\ArcToolbox\Toolboxes\Data Management Tools.tbx\CalculateField" Date="20180119" Time="095746">CalculateField counties_2017_20m_ag_dslv_mod_View atlas_name "Augusta" PYTHON #</Process><Process ToolSource="c:\program files (x86)\arcgis\desktop10.3\ArcToolbox\Toolboxes\Data Management Tools.tbx\CalculateField" Date="20180119" Time="095746">CalculateField counties_2017_20m_ag_dslv_mod_View atlas_caps "AUGUSTA" PYTHON #</Process><Process ToolSource="c:\program files (x86)\arcgis\desktop10.3\ArcToolbox\Toolboxes\Data Management Tools.tbx\CalculateField" Date="20180119" Time="095746">CalculateField counties_2017_20m_ag_dslv_mod_View cntya "015" PYTHON #</Process><Process ToolSource="c:\program files (x86)\arcgis\desktop10.3\ArcToolbox\Toolboxes\Data Management Tools.tbx\CalculateField" Date="20180119" Time="095746">CalculateField counties_2017_20m_ag_dslv_mod_View cntyn int(!cntya!) PYTHON #</Process><Process ToolSource="c:\program files (x86)\arcgis\desktop10.3\ArcToolbox\Toolboxes\Data Management Tools.tbx\CalculateField" Date="20180119" Time="095746">CalculateField counties_2017_20m_ag_dslv_mod_View atlas_name "Campbell" PYTHON #</Process><Process ToolSource="c:\program files (x86)\arcgis\desktop10.3\ArcToolbox\Toolboxes\Data Management Tools.tbx\CalculateField" Date="20180119" Time="095746">CalculateField counties_2017_20m_ag_dslv_mod_View atlas_caps "CAMPBELL" PYTHON #</Process><Process ToolSource="c:\program files (x86)\arcgis\desktop10.3\ArcToolbox\Toolboxes\Data Management Tools.tbx\CalculateField" Date="20180119" Time="095746">CalculateField counties_2017_20m_ag_dslv_mod_View cntya "031" PYTHON #</Process><Process ToolSource="c:\program files (x86)\arcgis\desktop10.3\ArcToolbox\Toolboxes\Data Management Tools.tbx\CalculateField" Date="20180119" Time="095747">CalculateField counties_2017_20m_ag_dslv_mod_View cntyn int(!cntya!) PYTHON #</Process><Process ToolSource="c:\program files (x86)\arcgis\desktop10.3\ArcToolbox\Toolboxes\Data Management Tools.tbx\CalculateField" Date="20180119" Time="095747">CalculateField counties_2017_20m_ag_dslv_mod_View atlas_name "Chesterfield" PYTHON #</Process><Process ToolSource="c:\program files (x86)\arcgis\desktop10.3\ArcToolbox\Toolboxes\Data Management Tools.tbx\CalculateField" Date="20180119" Time="095747">CalculateField counties_2017_20m_ag_dslv_mod_View atlas_caps "CHESTERFIELD" PYTHON #</Process><Process ToolSource="c:\program files (x86)\arcgis\desktop10.3\ArcToolbox\Toolboxes\Data Management Tools.tbx\CalculateField" Date="20180119" Time="095747">CalculateField counties_2017_20m_ag_dslv_mod_View cntya "041" PYTHON #</Process><Process ToolSource="c:\program files (x86)\arcgis\desktop10.3\ArcToolbox\Toolboxes\Data Management Tools.tbx\CalculateField" Date="20180119" Time="095747">CalculateField counties_2017_20m_ag_dslv_mod_View cntyn int(!cntya!) PYTHON #</Process><Process ToolSource="c:\program files (x86)\arcgis\desktop10.3\ArcToolbox\Toolboxes\Data Management Tools.tbx\CalculateField" Date="20180119" Time="095747">CalculateField counties_2017_20m_ag_dslv_mod_View atlas_name "Fairfax" PYTHON #</Process><Process ToolSource="c:\program files (x86)\arcgis\desktop10.3\ArcToolbox\Toolboxes\Data Management Tools.tbx\CalculateField" Date="20180119" Time="095747">CalculateField counties_2017_20m_ag_dslv_mod_View atlas_caps "FAIRFAX" PYTHON #</Process><Process ToolSource="c:\program files (x86)\arcgis\desktop10.3\ArcToolbox\Toolboxes\Data Management Tools.tbx\CalculateField" Date="20180119" Time="095747">CalculateField counties_2017_20m_ag_dslv_mod_View cntya "059" PYTHON #</Process><Process ToolSource="c:\program files (x86)\arcgis\desktop10.3\ArcToolbox\Toolboxes\Data Management Tools.tbx\CalculateField" Date="20180119" Time="095747">CalculateField counties_2017_20m_ag_dslv_mod_View cntyn int(!cntya!) PYTHON #</Process><Process ToolSource="c:\program files (x86)\arcgis\desktop10.3\ArcToolbox\Toolboxes\Data Management Tools.tbx\CalculateField" Date="20180119" Time="095748">CalculateField counties_2017_20m_ag_dslv_mod_View atlas_name "Frederick" PYTHON #</Process><Process ToolSource="c:\program files (x86)\arcgis\desktop10.3\ArcToolbox\Toolboxes\Data Management Tools.tbx\CalculateField" Date="20180119" Time="095748">CalculateField counties_2017_20m_ag_dslv_mod_View atlas_caps "FREDERICK" PYTHON #</Process><Process ToolSource="c:\program files (x86)\arcgis\desktop10.3\ArcToolbox\Toolboxes\Data Management Tools.tbx\CalculateField" Date="20180119" Time="095748">CalculateField counties_2017_20m_ag_dslv_mod_View cntya "069" PYTHON #</Process><Process ToolSource="c:\program files (x86)\arcgis\desktop10.3\ArcToolbox\Toolboxes\Data Management Tools.tbx\CalculateField" Date="20180119" Time="095748">CalculateField counties_2017_20m_ag_dslv_mod_View cntyn int(!cntya!) PYTHON #</Process><Process ToolSource="c:\program files (x86)\arcgis\desktop10.3\ArcToolbox\Toolboxes\Data Management Tools.tbx\CalculateField" Date="20180119" Time="095748">CalculateField counties_2017_20m_ag_dslv_mod_View atlas_name "Grayson" PYTHON #</Process><Process ToolSource="c:\program files (x86)\arcgis\desktop10.3\ArcToolbox\Toolboxes\Data Management Tools.tbx\CalculateField" Date="20180119" Time="095748">CalculateField counties_2017_20m_ag_dslv_mod_View atlas_caps "GRAYSON" PYTHON #</Process><Process ToolSource="c:\program files (x86)\arcgis\desktop10.3\ArcToolbox\Toolboxes\Data Management Tools.tbx\CalculateField" Date="20180119" Time="095748">CalculateField counties_2017_20m_ag_dslv_mod_View cntya "077" PYTHON #</Process><Process ToolSource="c:\program files (x86)\arcgis\desktop10.3\ArcToolbox\Toolboxes\Data Management Tools.tbx\CalculateField" Date="20180119" Time="095748">CalculateField counties_2017_20m_ag_dslv_mod_View cntyn int(!cntya!) PYTHON #</Process><Process ToolSource="c:\program files (x86)\arcgis\desktop10.3\ArcToolbox\Toolboxes\Data Management Tools.tbx\CalculateField" Date="20180119" Time="095748">CalculateField counties_2017_20m_ag_dslv_mod_View atlas_name "Greensville" PYTHON #</Process><Process ToolSource="c:\program files (x86)\arcgis\desktop10.3\ArcToolbox\Toolboxes\Data Management Tools.tbx\CalculateField" Date="20180119" Time="095748">CalculateField counties_2017_20m_ag_dslv_mod_View atlas_caps "GREENSVILLE" PYTHON #</Process><Process ToolSource="c:\program files (x86)\arcgis\desktop10.3\ArcToolbox\Toolboxes\Data Management Tools.tbx\CalculateField" Date="20180119" Time="095749">CalculateField counties_2017_20m_ag_dslv_mod_View cntya "081" PYTHON #</Process><Process ToolSource="c:\program files (x86)\arcgis\desktop10.3\ArcToolbox\Toolboxes\Data Management Tools.tbx\CalculateField" Date="20180119" Time="095749">CalculateField counties_2017_20m_ag_dslv_mod_View cntyn int(!cntya!) PYTHON #</Process><Process ToolSource="c:\program files (x86)\arcgis\desktop10.3\ArcToolbox\Toolboxes\Data Management Tools.tbx\CalculateField" Date="20180119" Time="095749">CalculateField counties_2017_20m_ag_dslv_mod_View atlas_name "Henrico" PYTHON #</Process><Process ToolSource="c:\program files (x86)\arcgis\desktop10.3\ArcToolbox\Toolboxes\Data Management Tools.tbx\CalculateField" Date="20180119" Time="095749">CalculateField counties_2017_20m_ag_dslv_mod_View atlas_caps "HENRICO" PYTHON #</Process><Process ToolSource="c:\program files (x86)\arcgis\desktop10.3\ArcToolbox\Toolboxes\Data Management Tools.tbx\CalculateField" Date="20180119" Time="095749">CalculateField counties_2017_20m_ag_dslv_mod_View cntya "087" PYTHON #</Process><Process ToolSource="c:\program files (x86)\arcgis\desktop10.3\ArcToolbox\Toolboxes\Data Management Tools.tbx\CalculateField" Date="20180119" Time="095749">CalculateField counties_2017_20m_ag_dslv_mod_View cntyn int(!cntya!) PYTHON #</Process><Process ToolSource="c:\program files (x86)\arcgis\desktop10.3\ArcToolbox\Toolboxes\Data Management Tools.tbx\CalculateField" Date="20180119" Time="095749">CalculateField counties_2017_20m_ag_dslv_mod_View atlas_name "Henry" PYTHON #</Process><Process ToolSource="c:\program files (x86)\arcgis\desktop10.3\ArcToolbox\Toolboxes\Data Management Tools.tbx\CalculateField" Date="20180119" Time="095749">CalculateField counties_2017_20m_ag_dslv_mod_View atlas_caps "HENRY" PYTHON #</Process><Process ToolSource="c:\program files (x86)\arcgis\desktop10.3\ArcToolbox\Toolboxes\Data Management Tools.tbx\CalculateField" Date="20180119" Time="095749">CalculateField counties_2017_20m_ag_dslv_mod_View cntya "089" PYTHON #</Process><Process ToolSource="c:\program files (x86)\arcgis\desktop10.3\ArcToolbox\Toolboxes\Data Management Tools.tbx\CalculateField" Date="20180119" Time="095750">CalculateField counties_2017_20m_ag_dslv_mod_View cntyn int(!cntya!) PYTHON #</Process><Process ToolSource="c:\program files (x86)\arcgis\desktop10.3\ArcToolbox\Toolboxes\Data Management Tools.tbx\CalculateField" Date="20180119" Time="095750">CalculateField counties_2017_20m_ag_dslv_mod_View atlas_name "James City" PYTHON #</Process><Process ToolSource="c:\program files (x86)\arcgis\desktop10.3\ArcToolbox\Toolboxes\Data Management Tools.tbx\CalculateField" Date="20180119" Time="095750">CalculateField counties_2017_20m_ag_dslv_mod_View atlas_caps "JAMES CITY" PYTHON #</Process><Process ToolSource="c:\program files (x86)\arcgis\desktop10.3\ArcToolbox\Toolboxes\Data Management Tools.tbx\CalculateField" Date="20180119" Time="095750">CalculateField counties_2017_20m_ag_dslv_mod_View cntya "095" PYTHON #</Process><Process ToolSource="c:\program files (x86)\arcgis\desktop10.3\ArcToolbox\Toolboxes\Data Management Tools.tbx\CalculateField" Date="20180119" Time="095750">CalculateField counties_2017_20m_ag_dslv_mod_View cntyn int(!cntya!) PYTHON #</Process><Process ToolSource="c:\program files (x86)\arcgis\desktop10.3\ArcToolbox\Toolboxes\Data Management Tools.tbx\CalculateField" Date="20180119" Time="095750">CalculateField counties_2017_20m_ag_dslv_mod_View atlas_name "Montgomery" PYTHON #</Process><Process ToolSource="c:\program files (x86)\arcgis\desktop10.3\ArcToolbox\Toolboxes\Data Management Tools.tbx\CalculateField" Date="20180119" Time="095750">CalculateField counties_2017_20m_ag_dslv_mod_View atlas_caps "MONTGOMERY" PYTHON #</Process><Process ToolSource="c:\program files (x86)\arcgis\desktop10.3\ArcToolbox\Toolboxes\Data Management Tools.tbx\CalculateField" Date="20180119" Time="095750">CalculateField counties_2017_20m_ag_dslv_mod_View cntya "121" PYTHON #</Process><Process ToolSource="c:\program files (x86)\arcgis\desktop10.3\ArcToolbox\Toolboxes\Data Management Tools.tbx\CalculateField" Date="20180119" Time="095750">CalculateField counties_2017_20m_ag_dslv_mod_View cntyn int(!cntya!) PYTHON #</Process><Process ToolSource="c:\program files (x86)\arcgis\desktop10.3\ArcToolbox\Toolboxes\Data Management Tools.tbx\CalculateField" Date="20180119" Time="095750">CalculateField counties_2017_20m_ag_dslv_mod_View atlas_name "Pittsylvania" PYTHON #</Process><Process ToolSource="c:\program files (x86)\arcgis\desktop10.3\ArcToolbox\Toolboxes\Data Management Tools.tbx\CalculateField" Date="20180119" Time="095750">CalculateField counties_2017_20m_ag_dslv_mod_View atlas_caps "PITTSYLVANIA" PYTHON #</Process><Process ToolSource="c:\program files (x86)\arcgis\desktop10.3\ArcToolbox\Toolboxes\Data Management Tools.tbx\CalculateField" Date="20180119" Time="095751">CalculateField counties_2017_20m_ag_dslv_mod_View cntya "143" PYTHON #</Process><Process ToolSource="c:\program files (x86)\arcgis\desktop10.3\ArcToolbox\Toolboxes\Data Management Tools.tbx\CalculateField" Date="20180119" Time="095751">CalculateField counties_2017_20m_ag_dslv_mod_View cntyn int(!cntya!) PYTHON #</Process><Process ToolSource="c:\program files (x86)\arcgis\desktop10.3\ArcToolbox\Toolboxes\Data Management Tools.tbx\CalculateField" Date="20180119" Time="095751">CalculateField counties_2017_20m_ag_dslv_mod_View atlas_name "Prince George" PYTHON #</Process><Process ToolSource="c:\program files (x86)\arcgis\desktop10.3\ArcToolbox\Toolboxes\Data Management Tools.tbx\CalculateField" Date="20180119" Time="095751">CalculateField counties_2017_20m_ag_dslv_mod_View atlas_caps "PRINCE GEORGE" PYTHON #</Process><Process ToolSource="c:\program files (x86)\arcgis\desktop10.3\ArcToolbox\Toolboxes\Data Management Tools.tbx\CalculateField" Date="20180119" Time="095751">CalculateField counties_2017_20m_ag_dslv_mod_View cntya "149" PYTHON #</Process><Process ToolSource="c:\program files (x86)\arcgis\desktop10.3\ArcToolbox\Toolboxes\Data Management Tools.tbx\CalculateField" Date="20180119" Time="095751">CalculateField counties_2017_20m_ag_dslv_mod_View cntyn int(!cntya!) PYTHON #</Process><Process ToolSource="c:\program files (x86)\arcgis\desktop10.3\ArcToolbox\Toolboxes\Data Management Tools.tbx\CalculateField" Date="20180119" Time="095751">CalculateField counties_2017_20m_ag_dslv_mod_View atlas_name "Prince William" PYTHON #</Process><Process ToolSource="c:\program files (x86)\arcgis\desktop10.3\ArcToolbox\Toolboxes\Data Management Tools.tbx\CalculateField" Date="20180119" Time="095751">CalculateField counties_2017_20m_ag_dslv_mod_View atlas_caps "PRINCE WILLIAM" PYTHON #</Process><Process ToolSource="c:\program files (x86)\arcgis\desktop10.3\ArcToolbox\Toolboxes\Data Management Tools.tbx\CalculateField" Date="20180119" Time="095751">CalculateField counties_2017_20m_ag_dslv_mod_View cntya "153" PYTHON #</Process><Process ToolSource="c:\program files (x86)\arcgis\desktop10.3\ArcToolbox\Toolboxes\Data Management Tools.tbx\CalculateField" Date="20180119" Time="095752">CalculateField counties_2017_20m_ag_dslv_mod_View cntyn int(!cntya!) PYTHON #</Process><Process ToolSource="c:\program files (x86)\arcgis\desktop10.3\ArcToolbox\Toolboxes\Data Management Tools.tbx\CalculateField" Date="20180119" Time="095752">CalculateField counties_2017_20m_ag_dslv_mod_View atlas_name "Roanoke" PYTHON #</Process><Process ToolSource="c:\program files (x86)\arcgis\desktop10.3\ArcToolbox\Toolboxes\Data Management Tools.tbx\CalculateField" Date="20180119" Time="095752">CalculateField counties_2017_20m_ag_dslv_mod_View atlas_caps "ROANOKE" PYTHON #</Process><Process ToolSource="c:\program files (x86)\arcgis\desktop10.3\ArcToolbox\Toolboxes\Data Management Tools.tbx\CalculateField" Date="20180119" Time="095752">CalculateField counties_2017_20m_ag_dslv_mod_View cntya "161" PYTHON #</Process><Process ToolSource="c:\program files (x86)\arcgis\desktop10.3\ArcToolbox\Toolboxes\Data Management Tools.tbx\CalculateField" Date="20180119" Time="095752">CalculateField counties_2017_20m_ag_dslv_mod_View cntyn int(!cntya!) PYTHON #</Process><Process ToolSource="c:\program files (x86)\arcgis\desktop10.3\ArcToolbox\Toolboxes\Data Management Tools.tbx\CalculateField" Date="20180119" Time="095753">CalculateField counties_2017_20m_ag_dslv_mod_View atlas_name "Rockbridge" PYTHON #</Process><Process ToolSource="c:\program files (x86)\arcgis\desktop10.3\ArcToolbox\Toolboxes\Data Management Tools.tbx\CalculateField" Date="20180119" Time="095753">CalculateField counties_2017_20m_ag_dslv_mod_View atlas_caps "ROCKBRIDGE" PYTHON #</Process><Process ToolSource="c:\program files (x86)\arcgis\desktop10.3\ArcToolbox\Toolboxes\Data Management Tools.tbx\CalculateField" Date="20180119" Time="095753">CalculateField counties_2017_20m_ag_dslv_mod_View cntya "163" PYTHON #</Process><Process ToolSource="c:\program files (x86)\arcgis\desktop10.3\ArcToolbox\Toolboxes\Data Management Tools.tbx\CalculateField" Date="20180119" Time="095753">CalculateField counties_2017_20m_ag_dslv_mod_View cntyn int(!cntya!) PYTHON #</Process><Process ToolSource="c:\program files (x86)\arcgis\desktop10.3\ArcToolbox\Toolboxes\Data Management Tools.tbx\CalculateField" Date="20180119" Time="095753">CalculateField counties_2017_20m_ag_dslv_mod_View atlas_name "Rockingham" PYTHON #</Process><Process ToolSource="c:\program files (x86)\arcgis\desktop10.3\ArcToolbox\Toolboxes\Data Management Tools.tbx\CalculateField" Date="20180119" Time="095753">CalculateField counties_2017_20m_ag_dslv_mod_View atlas_caps "ROCKINGHAM" PYTHON #</Process><Process ToolSource="c:\program files (x86)\arcgis\desktop10.3\ArcToolbox\Toolboxes\Data Management Tools.tbx\CalculateField" Date="20180119" Time="095753">CalculateField counties_2017_20m_ag_dslv_mod_View cntya "165" PYTHON #</Process><Process ToolSource="c:\program files (x86)\arcgis\desktop10.3\ArcToolbox\Toolboxes\Data Management Tools.tbx\CalculateField" Date="20180119" Time="095753">CalculateField counties_2017_20m_ag_dslv_mod_View cntyn int(!cntya!) PYTHON #</Process><Process ToolSource="c:\program files (x86)\arcgis\desktop10.3\ArcToolbox\Toolboxes\Data Management Tools.tbx\CalculateField" Date="20180119" Time="095753">CalculateField counties_2017_20m_ag_dslv_mod_View atlas_name "Southampton" PYTHON #</Process><Process ToolSource="c:\program files (x86)\arcgis\desktop10.3\ArcToolbox\Toolboxes\Data Management Tools.tbx\CalculateField" Date="20180119" Time="095754">CalculateField counties_2017_20m_ag_dslv_mod_View atlas_caps "SOUTHAMPTON" PYTHON #</Process><Process ToolSource="c:\program files (x86)\arcgis\desktop10.3\ArcToolbox\Toolboxes\Data Management Tools.tbx\CalculateField" Date="20180119" Time="095754">CalculateField counties_2017_20m_ag_dslv_mod_View cntya "175" PYTHON #</Process><Process ToolSource="c:\program files (x86)\arcgis\desktop10.3\ArcToolbox\Toolboxes\Data Management Tools.tbx\CalculateField" Date="20180119" Time="095754">CalculateField counties_2017_20m_ag_dslv_mod_View cntyn int(!cntya!) PYTHON #</Process><Process ToolSource="c:\program files (x86)\arcgis\desktop10.3\ArcToolbox\Toolboxes\Data Management Tools.tbx\CalculateField" Date="20180119" Time="095754">CalculateField counties_2017_20m_ag_dslv_mod_View atlas_name "Spotsylvania" PYTHON #</Process><Process ToolSource="c:\program files (x86)\arcgis\desktop10.3\ArcToolbox\Toolboxes\Data Management Tools.tbx\CalculateField" Date="20180119" Time="095754">CalculateField counties_2017_20m_ag_dslv_mod_View atlas_caps "SPOTSYLVANIA" PYTHON #</Process><Process ToolSource="c:\program files (x86)\arcgis\desktop10.3\ArcToolbox\Toolboxes\Data Management Tools.tbx\CalculateField" Date="20180119" Time="095754">CalculateField counties_2017_20m_ag_dslv_mod_View cntya "177" PYTHON #</Process><Process ToolSource="c:\program files (x86)\arcgis\desktop10.3\ArcToolbox\Toolboxes\Data Management Tools.tbx\CalculateField" Date="20180119" Time="095754">CalculateField counties_2017_20m_ag_dslv_mod_View cntyn int(!cntya!) PYTHON #</Process><Process ToolSource="c:\program files (x86)\arcgis\desktop10.3\ArcToolbox\Toolboxes\Data Management Tools.tbx\CalculateField" Date="20180119" Time="095754">CalculateField counties_2017_20m_ag_dslv_mod_View atlas_name "Washington" PYTHON #</Process><Process ToolSource="c:\program files (x86)\arcgis\desktop10.3\ArcToolbox\Toolboxes\Data Management Tools.tbx\CalculateField" Date="20180119" Time="095754">CalculateField counties_2017_20m_ag_dslv_mod_View atlas_caps "WASHINGTON" PYTHON #</Process><Process ToolSource="c:\program files (x86)\arcgis\desktop10.3\ArcToolbox\Toolboxes\Data Management Tools.tbx\CalculateField" Date="20180119" Time="095754">CalculateField counties_2017_20m_ag_dslv_mod_View cntya "191" PYTHON #</Process><Process ToolSource="c:\program files (x86)\arcgis\desktop10.3\ArcToolbox\Toolboxes\Data Management Tools.tbx\CalculateField" Date="20180119" Time="095754">CalculateField counties_2017_20m_ag_dslv_mod_View cntyn int(!cntya!) PYTHON #</Process><Process ToolSource="c:\program files (x86)\arcgis\desktop10.3\ArcToolbox\Toolboxes\Data Management Tools.tbx\CalculateField" Date="20180119" Time="095755">CalculateField counties_2017_20m_ag_dslv_mod_View atlas_name "Wise" PYTHON #</Process><Process ToolSource="c:\program files (x86)\arcgis\desktop10.3\ArcToolbox\Toolboxes\Data Management Tools.tbx\CalculateField" Date="20180119" Time="095755">CalculateField counties_2017_20m_ag_dslv_mod_View atlas_caps "WISE" PYTHON #</Process><Process ToolSource="c:\program files (x86)\arcgis\desktop10.3\ArcToolbox\Toolboxes\Data Management Tools.tbx\CalculateField" Date="20180119" Time="095755">CalculateField counties_2017_20m_ag_dslv_mod_View cntya "195" PYTHON #</Process><Process ToolSource="c:\program files (x86)\arcgis\desktop10.3\ArcToolbox\Toolboxes\Data Management Tools.tbx\CalculateField" Date="20180119" Time="095755">CalculateField counties_2017_20m_ag_dslv_mod_View cntyn int(!cntya!) PYTHON #</Process><Process ToolSource="c:\program files (x86)\arcgis\desktop10.3\ArcToolbox\Toolboxes\Data Management Tools.tbx\CalculateField" Date="20180119" Time="095755">CalculateField counties_2017_20m_ag_dslv_mod_View atlas_name "York" PYTHON #</Process><Process ToolSource="c:\program files (x86)\arcgis\desktop10.3\ArcToolbox\Toolboxes\Data Management Tools.tbx\CalculateField" Date="20180119" Time="095755">CalculateField counties_2017_20m_ag_dslv_mod_View atlas_caps "YORK" PYTHON #</Process><Process ToolSource="c:\program files (x86)\arcgis\desktop10.3\ArcToolbox\Toolboxes\Data Management Tools.tbx\CalculateField" Date="20180119" Time="095755">CalculateField counties_2017_20m_ag_dslv_mod_View cntya "199" PYTHON #</Process><Process ToolSource="c:\program files (x86)\arcgis\desktop10.3\ArcToolbox\Toolboxes\Data Management Tools.tbx\CalculateField" Date="20180119" Time="095755">CalculateField counties_2017_20m_ag_dslv_mod_View cntyn int(!cntya!) PYTHON #</Process><Process ToolSource="c:\program files (x86)\arcgis\desktop10.3\ArcToolbox\Toolboxes\Data Management Tools.tbx\CalculateField" Date="20180119" Time="095755">CalculateField counties_2017_20m_ag_dslv_mod_View entity "County" PYTHON #</Process><Process ToolSource="c:\program files (x86)\arcgis\desktop10.3\ArcToolbox\Toolboxes\Data Management Tools.tbx\CalculateField" Date="20180119" Time="095756">CalculateField counties_2017_20m_ag_dslv_mod_View entity "City" PYTHON #</Process><Process ToolSource="c:\program files (x86)\arcgis\desktop10.3\ArcToolbox\Toolboxes\Data Management Tools.tbx\CalculateField" Date="20180119" Time="095756">CalculateField counties_2017_20m_ag_dslv_mod_View entity "Island" PYTHON #</Process><Process ToolSource="c:\program files (x86)\arcgis\desktop10.3\ArcToolbox\Toolboxes\Data Management Tools.tbx\CalculateField" Date="20180119" Time="095756">CalculateField counties_2017_20m_ag_dslv_mod_View entity "District" PYTHON #</Process><Process ToolSource="c:\program files (x86)\arcgis\desktop10.3\ArcToolbox\Toolboxes\Data Management Tools.tbx\CalculateField" Date="20180119" Time="095756">CalculateField counties_2017_20m_ag_dslv_mod_View entity "Island" PYTHON #</Process><Process ToolSource="c:\program files (x86)\arcgis\desktop10.3\ArcToolbox\Toolboxes\Data Management Tools.tbx\CalculateField" Date="20180119" Time="095756">CalculateField counties_2017_20m_ag_dslv_mod_View entity "Municipality" PYTHON #</Process><Process ToolSource="c:\program files (x86)\arcgis\desktop10.3\ArcToolbox\Toolboxes\Data Management Tools.tbx\CalculateField" Date="20180119" Time="095756">CalculateField counties_2017_20m_ag_dslv_mod_View entity "Island" PYTHON #</Process></lineage><coordRef><type Sync="TRUE">Projected</type><geogcsn Sync="TRUE">GCS_North_American_1983</geogcsn><csUnits Sync="TRUE">Linear Unit: Meter (1.000000)</csUnits><projcsn Sync="TRUE">USA_Custom_Albers_Equal_Area_Conic</projcsn><peXml Sync="TRUE">&lt;ProjectedCoordinateSystem xsi:type='typens:ProjectedCoordinateSystem' xmlns:xsi='http://www.w3.org/2001/XMLSchema-instance' xmlns:xs='http://www.w3.org/2001/XMLSchema' xmlns:typens='http://www.esri.com/schemas/ArcGIS/10.3'&gt;&lt;WKT&gt;PROJCS[&amp;quot;USA_Custom_Albers_Equal_Area_Conic&amp;quot;,GEOGCS[&amp;quot;GCS_North_American_1983&amp;quot;,DATUM[&amp;quot;D_North_American_1983&amp;quot;,SPHEROID[&amp;quot;GRS_1980&amp;quot;,6378137.0,298.257222101]],PRIMEM[&amp;quot;Greenwich&amp;quot;,0.0],UNIT[&amp;quot;Degree&amp;quot;,0.0174532925199433]],PROJECTION[&amp;quot;Albers&amp;quot;],PARAMETER[&amp;quot;False_Easting&amp;quot;,0.0],PARAMETER[&amp;quot;False_Northing&amp;quot;,0.0],PARAMETER[&amp;quot;Central_Meridian&amp;quot;,-96.0],PARAMETER[&amp;quot;Standard_Parallel_1&amp;quot;,29.5],PARAMETER[&amp;quot;Standard_Parallel_2&amp;quot;,45.5],PARAMETER[&amp;quot;Latitude_Of_Origin&amp;quot;,23.0],UNIT[&amp;quot;Meter&amp;quot;,1.0]]&lt;/WKT&gt;&lt;XOrigin&gt;-16901100&lt;/XOrigin&gt;&lt;YOrigin&gt;-6972200&lt;/YOrigin&gt;&lt;XYScale&gt;266467840.99085236&lt;/XYScale&gt;&lt;ZOrigin&gt;-100000&lt;/ZOrigin&gt;&lt;ZScale&gt;10000&lt;/ZScale&gt;&lt;MOrigin&gt;-100000&lt;/MOrigin&gt;&lt;MScale&gt;10000&lt;/MScale&gt;&lt;XYTolerance&gt;0.001&lt;/XYTolerance&gt;&lt;ZTolerance&gt;0.001&lt;/ZTolerance&gt;&lt;MTolerance&gt;0.001&lt;/MTolerance&gt;&lt;HighPrecision&gt;true&lt;/HighPrecision&gt;&lt;/ProjectedCoordinateSystem&gt;</peXml></coordRef></DataProperties><SyncDate>20180125</SyncDate><SyncTime>15121100</SyncTime><ModDate>20180125</ModDate><ModTime>15121100</ModTime></Esri><dataIdInfo><envirDesc Sync="TRUE">Microsoft Windows Server 2008 R2 Version 6.1 (Build 7601) Service Pack 1; Esri ArcGIS 10.3.1.4959</envirDesc><dataLang><languageCode value="eng" Sync="TRUE"></languageCode><countryCode value="USA" Sync="TRUE"></countryCode></dataLang><idCitation><resTitle Sync="TRUE">counties_2017_20m_ag_dslv_mod_clip_aea</resTitle><presForm><PresFormCd value="005" Sync="TRUE"></PresFormCd></presForm></idCitation><spatRpType><SpatRepTypCd value="001" Sync="TRUE"></SpatRepTypCd></spatRpType></dataIdInfo><mdLang><languageCode value="eng" Sync="TRUE"></languageCode><countryCode value="USA" Sync="TRUE"></countryCode></mdLang><mdChar><CharSetCd value="004" Sync="TRUE"></CharSetCd></mdChar><distInfo><distFormat><formatName Sync="TRUE">Shapefile</formatName></distFormat><distTranOps><transSize Sync="TRUE">0.000</transSize></distTranOps></distInfo><mdHrLv><ScopeCd value="005" Sync="TRUE"></ScopeCd></mdHrLv><mdHrLvName Sync="TRUE">dataset</mdHrLvName><refSysInfo><RefSystem><refSysID><identCode code="0" Sync="TRUE"></identCode><idCodeSpace Sync="TRUE">EPSG</idCodeSpace><idVersion Sync="TRUE">8.6.2</idVersion></refSysID></RefSystem></refSysInfo><spatRepInfo><VectSpatRep><geometObjs Name="counties_2017_20m_ag_dslv_mod_clip_aea"><geoObjTyp><GeoObjTypCd value="002" Sync="TRUE"></GeoObjTypCd></geoObjTyp><geoObjCnt Sync="TRUE">0</geoObjCnt></geometObjs><topLvl><TopoLevCd value="001" Sync="TRUE"></TopoLevCd></topLvl></VectSpatRep></spatRepInfo><spdoinfo><ptvctinf><esriterm Name="counties_2017_20m_ag_dslv_mod_clip_aea"><efeatyp Sync="TRUE">Simple</efeatyp><efeageom code="4" Sync="TRUE"></efeageom><esritopo Sync="TRUE">FALSE</esritopo><efeacnt Sync="TRUE">0</efeacnt><spindex Sync="TRUE">FALSE</spindex><linrefer Sync="TRUE">FALSE</linrefer></esriterm></ptvctinf></spdoinfo><eainfo><detailed Name="counties_2017_20m_ag_dslv_mod_clip_aea"><enttyp><enttypl Sync="TRUE">counties_2017_20m_ag_dslv_mod_clip_aea</enttypl><enttypt Sync="TRUE">Feature Class</enttypt><enttypc Sync="TRUE">0</enttypc></enttyp><attr><attrlabl Sync="TRUE">FID</attrlabl><attalias Sync="TRUE">FID</attalias><attrtype Sync="TRUE">OID</attrtype><attwidth Sync="TRUE">4</attwidth><atprecis Sync="TRUE">0</atprecis><attscale Sync="TRUE">0</attscale><attrdef Sync="TRUE">Internal feature number.</attrdef><attrdefs Sync="TRUE">Esri</attrdefs><attrdomv><udom Sync="TRUE">Sequential unique whole numbers that are automatically generated.</udom></attrdomv></attr><attr><attrlabl Sync="TRUE">Shape</attrlabl><attalias Sync="TRUE">Shape</attalias><attrtype Sync="TRUE">Geometry</attrtype><attwidth Sync="TRUE">0</attwidth><atprecis Sync="TRUE">0</atprecis><attscale Sync="TRUE">0</attscale><attrdef Sync="TRUE">Feature geometry.</attrdef><attrdefs Sync="TRUE">Esri</attrdefs><attrdomv><udom Sync="TRUE">Coordinates defining the features.</udom></attrdomv></attr><attr><attrlabl Sync="TRUE">atlas_stco</attrlabl><attalias Sync="TRUE">atlas_stco</attalias><attrtype Sync="TRUE">String</attrtype><attwidth Sync="TRUE">5</attwidth><atprecis Sync="TRUE">0</atprecis><attscale Sync="TRUE">0</attscale></attr><attr><attrlabl Sync="TRUE">atlas_name</attrlabl><attalias Sync="TRUE">atlas_name</attalias><attrtype Sync="TRUE">String</attrtype><attwidth Sync="TRUE">21</attwidth><atprecis Sync="TRUE">0</atprecis><attscale Sync="TRUE">0</attscale></attr><attr><attrlabl Sync="TRUE">atlas_caps</attrlabl><attalias Sync="TRUE">atlas_caps</attalias><attrtype Sync="TRUE">String</attrtype><attwidth Sync="TRUE">21</attwidth><atprecis Sync="TRUE">0</atprecis><attscale Sync="TRUE">0</attscale></attr><attr><attrlabl Sync="TRUE">atlas_area</attrlabl><attalias Sync="TRUE">atlas_area</attalias><attrtype Sync="TRUE">Double</attrtype><attwidth Sync="TRUE">19</attwidth><atprecis Sync="TRUE">18</atprecis><attscale Sync="TRUE">5</attscale></attr><attr><attrlabl Sync="TRUE">atlas_acre</attrlabl><attalias Sync="TRUE">atlas_acre</attalias><attrtype Sync="TRUE">Double</attrtype><attwidth Sync="TRUE">19</attwidth><atprecis Sync="TRUE">18</atprecis><attscale Sync="TRUE">5</attscale></attr><attr><attrlabl Sync="TRUE">entity</attrlabl><attalias Sync="TRUE">entity</attalias><attrtype Sync="TRUE">String</attrtype><attwidth Sync="TRUE">26</attwidth><atprecis Sync="TRUE">0</atprecis><attscale Sync="TRUE">0</attscale></attr><attr><attrlabl Sync="TRUE">cntya</attrlabl><attalias Sync="TRUE">cntya</attalias><attrtype Sync="TRUE">String</attrtype><attwidth Sync="TRUE">3</attwidth><atprecis Sync="TRUE">0</atprecis><attscale Sync="TRUE">0</attscale></attr><attr><attrlabl Sync="TRUE">cntyn</attrlabl><attalias Sync="TRUE">cntyn</attalias><attrtype Sync="TRUE">SmallInteger</attrtype><attwidth Sync="TRUE">3</attwidth><atprecis Sync="TRUE">3</atprecis><attscale Sync="TRUE">0</attscale></attr></detailed></eainfo><mdDateSt Sync="TRUE">20180125</mdDateSt></metadata>
